amino_acid_change,Variant_Classification,Hugo_Symbol,aaa
K336Q,Uncertain_significance,IFT140,336
A341T,Uncertain_significance,IFT140,341
D344N,Uncertain_significance,IFT140,344
R347Q,Uncertain_significance,IFT140,347
M350T,Uncertain_significance,IFT140,350
R352S,Uncertain_significance,IFT140,352
G362R,Benign,IFT140,362
R368T,Uncertain_significance,IFT140,368
Q372R,Uncertain_significance,IFT140,372
P374L,Uncertain_significance,IFT140,374
E376K,Uncertain_significance,IFT140,376
Q378R,Uncertain_significance,IFT140,378
G379R,Uncertain_significance,IFT140,379
T38N,Uncertain_significance,IFT140,38
T382A,Uncertain_significance,IFT140,382
T382M,Uncertain_significance,IFT140,382
K390R,Uncertain_significance,IFT140,390
V398I,Benign,IFT140,398
R407W,Uncertain_significance,IFT140,407
R407Q,Uncertain_significance,IFT140,407
A418P,Conflicting_interpretations_of_pathogenicity,IFT140,418
A419T,Uncertain_significance,IFT140,419
P424L,Uncertain_significance,IFT140,424
V43A,Uncertain_significance,IFT140,43
G435E,Uncertain_significance,IFT140,435
V436F,Uncertain_significance,IFT140,436
A437T,Uncertain_significance,IFT140,437
R441C,Uncertain_significance,IFT140,441
R441H,Uncertain_significance,IFT140,441
D443N,Uncertain_significance,IFT140,443
M444V,Uncertain_significance,IFT140,444
I446V,Benign/Likely_benign,IFT140,446
S447G,Uncertain_significance,IFT140,447
A451V,Benign,IFT140,451
A455V,Uncertain_significance,IFT140,455
A457T,Uncertain_significance,IFT140,457
V464L,Likely_pathogenic,IFT140,464
E468K,Uncertain_significance,IFT140,468
L469V,Uncertain_significance,IFT140,469
L469H,Uncertain_significance,IFT140,469
A473T,Uncertain_significance,IFT140,473
I474M,Benign,IFT140,474
R475Q,Uncertain_significance,IFT140,475
S476R,Uncertain_significance,IFT140,476
G478E,Uncertain_significance,IFT140,478
F480L,Uncertain_significance,IFT140,480
T484M,Pathogenic,IFT140,484
V494I,Uncertain_significance,IFT140,494
T496M,Uncertain_significance,IFT140,496
W507L,Uncertain_significance,IFT140,507
L514Q,Conflicting_interpretations_of_pathogenicity,IFT140,514
L514H,Benign/Likely_benign,IFT140,514
C52R,Uncertain_significance,IFT140,52
T520I,Uncertain_significance,IFT140,520
G522E,Conflicting_interpretations_of_pathogenicity,IFT140,522
C525S,Conflicting_interpretations_of_pathogenicity,IFT140,525
V53M,Uncertain_significance,IFT140,53
S549F,Uncertain_significance,IFT140,549
R550Q,Uncertain_significance,IFT140,550
H556R,Conflicting_interpretations_of_pathogenicity,IFT140,556
C559W,Uncertain_significance,IFT140,559
S561N,Benign,IFT140,561
A573S,Uncertain_significance,IFT140,573
S574P,Uncertain_significance,IFT140,574
R576Q,Uncertain_significance,IFT140,576
S580N,Uncertain_significance,IFT140,580
G581R,Uncertain_significance,IFT140,581
N593T,Uncertain_significance,IFT140,593
S594R,Uncertain_significance,IFT140,594
S597A,Uncertain_significance,IFT140,597
R60K,Uncertain_significance,IFT140,60
D603N,Uncertain_significance,IFT140,603
M606V,Uncertain_significance,IFT140,606
P61S,Uncertain_significance,IFT140,61
V611I,Likely_benign,IFT140,611
D613N,Uncertain_significance,IFT140,613
R621W,Uncertain_significance,IFT140,621
R621Q,Benign,IFT140,621
T624M,Uncertain_significance,IFT140,624
S626P,Uncertain_significance,IFT140,626
R63P,Uncertain_significance,IFT140,63
E631Q,Uncertain_significance,IFT140,631
D640N,Benign,IFT140,640
N645D,Benign,IFT140,645
V649M,Uncertain_significance,IFT140,649
A65V,Uncertain_significance,IFT140,65
P658S,Uncertain_significance,IFT140,658
R659W,Uncertain_significance,IFT140,659
R659Q,Uncertain_significance,IFT140,659
V662I,Uncertain_significance,IFT140,662
E664K,Pathogenic,IFT140,664
P670S,Benign,IFT140,670
P670L,Uncertain_significance,IFT140,670
R671H,Uncertain_significance,IFT140,671
P674L,Uncertain_significance,IFT140,674
G679R,Uncertain_significance,IFT140,679
R685C,Uncertain_significance,IFT140,685
R685H,Uncertain_significance,IFT140,685
A686G,Likely_benign,IFT140,686
A689V,Uncertain_significance,IFT140,689
